序号,中文名,代码对象名,建议文件名,挂接关节,世界宽,世界高,作者像素宽@400,作者像素高@400,sortingOrder,形状,左右镜像,备注
1,躯干,Torso,puppet_torso.png,Joint Waist,0.920,1.480,368,592,3,ellipse,是,
2,腰饰,Waist Ornament,puppet_waist_ornament.png,Joint Waist,1.020,0.200,408,80,4,rect,是,
3,下裳,Robe Skirt,puppet_robe_skirt.png,Joint Pelvis,1.280,0.720,512,288,3,ellipse,是,
4,下裳前襟,Robe Front Trim,puppet_robe_front_trim.png,Joint Pelvis,0.150,0.370,60,148,4,rect,是,下裳子物件，尺寸已换算为最终显示值
5,下裳摆边,Robe Hem,puppet_robe_hem.png,Joint Pelvis,1.360,0.140,544,56,4,rect,是,
6,胸口镂空,Chest Cutout,puppet_chest_cutout.png,Joint Waist,0.480,0.180,192,72,4,ellipse,是,
7,头,Head,puppet_head.png,Joint Neck,0.620,0.720,248,288,5,ellipse,是,
8,侧脸鼻,Profile Nose,puppet_profile_nose.png,Joint Neck,0.220,0.160,88,64,6,ellipse,是,
9,侧脸眼,Profile Eye,puppet_profile_eye.png,Joint Neck,0.100,0.060,40,24,7,ellipse,是,
10,头冠,Head Crown,puppet_head_crown.png,Joint Neck,0.780,0.180,312,72,6,rect,是,
11,冠翅（左）,Crown Wing Left,puppet_crown_wing_left.png,Joint Neck,0.680,0.100,272,40,6,rect,是,
12,冠翅（右）,Crown Wing Right,puppet_crown_wing_right.png,Joint Neck,0.680,0.100,272,40,6,rect,是,
13,冠珠,Crown Jewel,puppet_crown_jewel.png,Joint Neck,0.180,0.180,72,72,7,ellipse,是,
14,上臂,Left Upper Arm,puppet_left_upper_arm.png,Joint Left Shoulder,0.200,0.820,80,328,5,ellipse,是,
15,肩袖（大片）,Left Flowing Sleeve,puppet_left_flowing_sleeve.png,Joint Left Shoulder,0.480,0.820,192,328,4,ellipse,是,
16,前臂,Left Forearm,puppet_left_forearm.png,Joint Left Elbow,0.170,0.720,68,288,6,ellipse,是,
17,袖口片,Sleeve Cuff Plate,puppet_sleeve_cuff_plate.png,Joint Left Sleeve Cuff,0.520,0.380,208,152,7,ellipse,是,
18,水袖拖尾,Trailing Water Sleeve,puppet_trailing_water_sleeve.png,Joint Left Sleeve Tail,0.310,0.700,124,280,8,ellipse,是,
19,水袖镂花,Sleeve Tail Cutwork,puppet_sleeve_tail_cutwork.png,Joint Left Sleeve Tail,0.190,0.090,76,36,9,ellipse,是,
20,手掌片,Left Palm Plate,puppet_left_palm_plate.png,Joint Left Wrist,0.230,0.270,92,108,8,ellipse,是,
21,并指手型,Finger Silhouette,puppet_finger_silhouette.png,Joint Left Finger Fan,0.120,0.300,48,120,8,ellipse,否,
22,单指（剑指）手型,Single Finger Silhouette,puppet_single_finger_silhouette.png,Joint Left Wrist,0.075,0.520,30,208,9,ellipse,否,只在「單指（剑指）」动作出现，可单独出图
23,大腿,Left Thigh,puppet_left_thigh.png,Joint Left Hip,0.240,0.880,96,352,3,ellipse,是,
24,小腿,Left Shin,puppet_left_shin.png,Joint Left Knee,0.190,0.820,76,328,4,ellipse,是,
25,脚板,Left Foot Plate,puppet_left_foot_plate.png,Joint Left Ankle,0.480,0.150,192,60,6,ellipse,是,
26,关节端帽（自动生成，共 10 处）,Limb End Cap,puppet_limb_end_cap.png,各肢段末端,0.290,0.290,116,116,7,ellipse,是,程序自动生成，只需确认与皮料颜色协调
27,关节铆钉（自动生成，共 15 处）,Joint Pin,puppet_joint_pin.png,各关节,0.140,0.140,56,56,7,ellipse,是,程序自动生成，只需确认与皮料颜色协调
101,暖色背光,Warm Backlight,stage_warm_backlight.png,场景,5.400,6.150,2160,2460,-7,ellipse,否,
102,半透明纸幕,Translucent Paper Screen,stage_translucent_paper_screen.png,场景,4.650,5.550,1860,2220,-6,ellipse,否,
103,戏台横梁,Stage Header,stage_stage_header.png,场景,5.650,0.220,2260,88,-4,rect,否,
104,戏台左立柱,Stage Left Post,stage_stage_left_post.png,场景,0.200,6.150,80,2460,-4,rect,否,
105,戏台右立柱,Stage Right Post,stage_stage_right_post.png,场景,0.200,6.150,80,2460,-4,rect,否,
106,戏台底座,Stage Foot,stage_stage_foot.png,场景,5.650,0.240,2260,96,-4,rect,否,
107,左侧远山,Scenery Left Mountain,stage_scenery_left_mountain.png,场景,1.750,0.520,700,208,-3,ellipse,否,
108,右侧远山,Scenery Right Mountain,stage_scenery_right_mountain.png,场景,2.250,0.440,900,176,-3,ellipse,否,
109,脚位接触线,Foot Contact Line,stage_foot_contact_line.png,场景,2.750,0.055,1100,22,2,rect,否,
110,戏台背景图（已有资产）,Traditional Shadow Play Background,stage_traditional_shadow_play_background.png,场景,10.000,10.000,4000,4000,-20,rect,否,背景图沿用现有资产
111,竹制操偶杆 ×6（线状）,Bamboo Control Rod,stage_bamboo_control_rod.png,场景,0.075,0.075,30,30,9,ellipse,否,
112,竹杆握把 ×6,Bamboo Grip,stage_bamboo_grip.png,场景,0.460,0.120,184,48,10,ellipse,否,
